,password,admin
"input[name=""name""]",3.4153050058300005,9.087936456132365
"input[name=""password""]",10.8483468011604464.579300000000001
