,James Bond,UK,0987654321,"Professional Football player from Manchester City, United Kingdom"
div#root textarea,-2.461849903134277,-2.194492123165978,-1.6911519666563537,6.581402450600345
"input[name=""phone""]",-1.0045535681843911,-0.241832725429928,8.777318077365733,-0.7534042911898091
"input[name=""country""]",1.50200533486466,10.695109872972271,1.354477882765626,-0.20518396244129017
"input[name=""username""]",11.578978965675734,3.8899872496030006,4.180889672178431,3.0874672300000006
