,James Bond,UK,987654321,"Professional Football player from Manchester City, United Kingdom"
"input[name=""username""]",11.5789789656757,3.889987249603,4.18088967217843,3.08746723
"input[name=""country""]",1.50200533486466,10.6951098729723,1.35447788276563,-0.20518396244129
"input[name=""phone""]",-1.00455356818439,-0.241832725429928,8.77731807736573,-0.753404291189809
div#root textarea,-2.46184990313428,-2.19449212316598,-1.69115196665635,6.58140245060035
