,password,admin
"input[name=""name""]",9.087936456132365,3.4153050058300005
"input[name=""password""]",4.579300000000001,10.848346801160446
