,admin,password
"input[name=""name""]",14.560417578680022,1.076095435800538
"input[name=""password""]",1.0300000000000002,13.015806048164759
