,Jason Bourne,UK,9876543210,World class spy at American Secret Service
"input[name=""username""]",15.391439308287097,3.889987249603,4.18088967217843,3.08746723
"input[name=""country""]",1.50200533486466,14.719966281211983,1.35447788276563,0.667002575926431
"input[name=""phone""]",-1.00455356818439,-0.241832725429928,14.031323822802786,-0.753404291189809
div#root textarea,-2.46184990313428,-0.7475386197644439,-1.69115196665635,12.778611374549763
